{
    "rmse": 0.8122920874843672,
    "mae": 0.6598184353897109,
    "r2": 0.00838218049366879
}